,PCR,ENet+H,RF,NN2,NN4
streversal,0.06529923406465013,0.23341062439793692,0.003326794650307741,0.012963997,0.021773743
divomit,0.002769483750919555,0.0,0.27789136087181365,0.008382584,0.001920323
divinit,0.007140075295339478,0.0,0.17509764135596542,0.0027090604,0.0228021
mrreversal,0.11259682374832317,0.06801729351111506,0.0019189420769027319,0.0112079475,0.009933748
cf,0.03293089272577784,0.11287567851312218,0.002916438903100407,0.018037114,0.017759232
momseason,0.1047643775152538,0.05119535803623955,2.683365859011142e-05,0.013578863,0.005923041
momseasonshort,0.050196892985416935,0.05017261810982473,0.0005418238535266293,0.019820604,0.012542686
coskewness,0.028473754814141678,0.08695357268534157,0.00044376444511458774,0.0066756085,0.008275555
mom12moffseason,0.04734086286728115,0.02777181232643303,0.011436699959444985,0.017057508,0.026393741
mom12m,0.06014972521528409,0.023183150713306542,0.009575353987182844,0.01748652,0.014585705
announcementreturn,0.029425764853520272,0.06938118296666508,0.002937936768349135,0.010670652,0.0115620755
gp,0.03370981003072396,0.06878894341133952,0.0001914566809682612,0.0071708993,0.009796215
sp,0.004716777013284867,0.0499845298284042,0.013654056287159428,0.02283942,0.008771663
indipo,0.02150677225323467,0.0,0.04334468056879613,0.008229342,0.0226425
spinoff,0.0,0.0,0.08217685173501556,0.0048242575,0.008112152
rdipo,0.005712060236271583,0.0,0.08358891631093315,0.00014648704,0.0028938954
betavix,0.063049028517028,0.0,8.786209090811851e-05,0.009339182,0.011318588
momoffseason,0.01622744385304427,0.03234086125934674,0.004454452382564727,0.01126726,0.013173283
credratdg,0.010948115452853867,0.0,0.038374118793415644,0.011407414,0.011752111
volmkt,0.01666017568912545,0.0,0.020795628767800188,0.01551074,0.01801185
shareiss1y,0.020511489030247954,0.026590549831683064,0.0011330123847960595,0.0074321064,0.00841499
chtax,0.02107404041715349,0.018317881731048417,0.00010674860006763946,0.010993177,0.007328805
convdebt,0.022328962741788912,0.0,0.020707615685739714,0.008769592,0.0054805772
price,0.0,0.029845630919199437,0.013243540571838063,0.012070617,0.0020844874
xfin,0.024103163269721752,0.009481611721329206,3.854811552093668e-05,0.0129782455,0.009920242
intmom,0.028473754814141678,0.007985516118774995,0.001507654284120689,0.0062859617,0.00937772
exchswitch,0.007313168029771951,0.0,0.03129757500578567,0.005946656,0.008453987
zerotrade12m,0.005625513869055346,0.0,0.0052159030830146004,0.017293176,0.023139369
high52,0.007702626682245013,0.0,0.020887030409063676,0.012976451,0.008401294
am,0.0,0.0,0.004228818246769735,0.014070038,0.02708445
firmage,0.0,0.0,0.0008818422204617517,0.010506646,0.032732613
bpebm,0.006837163010082652,0.0,0.002195215353505416,0.011031593,0.02133185
size,0.0,0.0,0.0008356914944993026,0.023985775,0.014618995
noa,0.020900947682721018,0.0,0.0,0.00932409,0.009196816
idiovolaht,0.0,0.0,0.014185805515498268,0.017975586,0.006951208
dolvol,0.0,0.0,0.00020558177030537562,0.019266633,0.019361308
pricedelayslope,0.016011077935003677,0.0,0.00031706630187781486,0.012941413,0.009231627
dnoa,0.0,0.008249532889865296,0.00029636294953323225,0.015975742,0.013801216
realizedvol,0.0,0.0,0.006376715570509511,0.013902021,0.017534956
maxret,0.006793889826474534,0.0,0.004077910297332468,0.017452115,0.009121677
bmdec,0.003721493790298152,0.0,0.001300937309500752,0.013776958,0.016983492
illiquidity,0.0,0.0,0.0026001343316915883,0.016877143,0.015542347
volsd,0.00012981955082435416,0.008887454489177425,0.0015294213024966354,0.012294991,0.011994268
beta,0.0,0.0,0.005576723894175078,0.009276914,0.019518053
pricedelaytstat,0.015664892466138735,0.0,4.62448571603835e-05,0.009475431,0.0091384165
sharerepurchase,0.007442987580596304,0.0,0.012814312145577341,0.0056177992,0.008419176
residualmomentum,0.01622744385304427,0.0,0.0009857117586207483,0.0049382383,0.010941751
bidaskspread,0.0,0.0,0.012504245390623532,0.009304671,0.011163364
leverage,0.0,0.0,0.004360157303688446,0.008963149,0.019536125
opleverage,0.008308451252758666,0.0,0.00025438098194769537,0.009049268,0.014237783
equityduration,0.0,0.0,0.0009773621210757196,0.018255366,0.01260527
returnskew3f,0.0,0.014517791303114959,0.0,0.009334433,0.0063036815
ebm,0.0,0.0,0.0,0.012552188,0.017033331
delcoa,0.0,0.0,4.616657717269929e-05,0.014817565,0.012796637
mom6m,0.004803323380501104,0.0,0.0028876125924528874,0.009108897,0.010385724
bookleverage,0.0,0.0,0.0005729498033061,0.0115151685,0.014354201
betafp,0.0,0.0,0.0032470440175202883,0.009084096,0.013849153
returnskew,0.0,0.0,0.0013163193100110661,0.00795241,0.015998317
delfinl,0.0021636591804059025,0.0,0.0,0.013706987,0.008987188
zerotrade6m,0.00021636591804059024,0.0,0.003143394198241035,0.011982492,0.009471882
size_crsp,0.0,0.0,0.004685385737164375,0.01584234,0.0042119655
delnetfin,0.003634947423081916,0.0,0.00041265158958413693,0.011538176,0.008624048
cheq,0.0,0.0,1.6925116544908616e-05,0.015467153,0.008543583
investppeinv,0.0,0.0,3.7980164434765474e-06,0.014411349,0.0093936995
zerotrade1m,0.0,0.0,0.0022852953431243364,0.010549284,0.010397898
idiovol3f,0.0,0.0,0.010586612683765633,0.0074576465,0.0048868847
bm,0.00865463672162361,0.0,0.0008842601176569339,0.0078085614,0.004594889
rds,0.012895408715219178,0.0,4.198189980914217e-05,0.006154144,0.0017027055
tax,0.006793889826474534,0.0,0.0005915194482570469,0.005745606,0.0076554217
accruals,0.0,0.0,0.00018845814646629012,0.011188317,0.009365546
roe,0.00398113289194686,0.0,0.0009068642321769135,0.010443112,0.0050812946
grltnoa,0.0,0.0,0.00023444990489630678,0.011091011,0.00808476
numearnincrease,0.0,0.0,0.008570626326916925,0.005870563,0.004922837
betaliquidityps,0.0,0.0,0.00030194048900204464,0.009183302,0.009856517
volumetrend,0.0,0.0,0.0001499920815872792,0.010640257,0.008157996
chnncoa,0.0,0.0,0.0,0.0099924635,0.0088825645
chnwc,0.0,0.0,0.0006560496222119806,0.010792232,0.007258802
cashprod,0.0,0.0,0.002050640412071721,0.009332428,0.0071309707
lrreversal,0.0,0.0,0.004005746363666288,0.0056290915,0.008596846
assetgrowth,0.0,0.00204840523673207,0.0003978895586782725,0.009903072,0.0052747536
indmom,0.0,0.0,0.0005163416236056186,0.011530577,0.0052388012
delcol,0.0,0.0,0.00012913198160364753,0.009800067,0.0070522176
pricedelayrsq,0.0,0.0,9.985454080870573e-05,0.0067949723,0.009906926
herf,0.0010818295902029513,0.0,0.001482095412059909,0.00734947,0.006232157
delequ,0.0,0.0,8.183826686705754e-05,0.010656404,0.005027461
netequityfinance,0.0,0.0,0.0012031393264567516,0.00968197,0.0045262175
chinv,0.0,0.0,0.0015837688599574112,0.0051349616,0.008388549
dellti,0.0029858496689601456,0.0,0.0021377983307259954,0.005582866,0.0040856563
totalaccruals,0.0,0.0,0.0005177914151816111,0.009437543,0.0043654772
pctacc,0.0,0.0,0.00011099656477782179,0.0051390775,0.0079436125
hire,0.0,0.0,0.000273850485949325,0.006378941,0.005941493
coskewacx,0.0,0.0,0.00020893619862076036,0.0050857808,0.0058948877
