ret_month,OLS-3+H,PCR,ENet+H,RF,NN2,NN4,SP500-Rf
200102,0.07252611147535298,0.1487924759155948,-0.12589021453922505,-0.028889169384651817,-0.014177795220836856,0.053487131458381035,-0.096091
200103,0.10135330850052507,-0.015454078858016335,-0.0379874777466306,0.04231434019174585,0.04344515510773129,-0.08125954390723385,-0.068405
200104,-0.06816780398150678,-0.1045616146489356,0.05822617468472385,0.07400491327719036,0.06964682972818084,0.08921170992192268,0.07291399999999999
200105,-0.014426127766525045,0.04984475916337519,-0.03528470560100005,0.02243114319030408,0.020880655087174557,0.04984577563589762,0.0018899999999999998
200106,-0.052159541508792276,0.056026247171316323,0.03160688220847458,0.03507880987044274,-0.009587042572882953,0.03597667047063299,-0.027804
200107,0.029437869747376656,0.09157726325855572,-0.06413919968722517,0.03963713588385529,0.0471211780256842,-0.02266334740546349,-0.013772
200108,0.11427719771260017,0.15532995952138604,-0.0020673853745248614,-0.02367066355644388,-0.05183606070974818,-0.03451731399111915,-0.067208
200109,0.2536986558642257,0.04018620294069497,0.005070355433772308,0.12861276472309952,-0.14611463167212996,0.012306964041247134,-0.084523
200110,-0.056520877378691894,0.051567958570928676,-0.051416588521002775,0.02831645053685025,0.08411057452678736,0.06983264340401787,0.015899
200111,-0.10239499226457136,0.01262417327952052,0.040680653013407606,0.040440932910351196,-0.24534519178756947,0.07425259469584863,0.07347600000000001
200112,-0.14996575173596294,0.049950399215377056,0.05749224835194783,0.10689958720135975,0.06322090557068227,-0.03802251493848197,0.0060739999999999995
200201,0.05215141146518412,-0.029973925763369887,-0.08195984532571783,-0.09742738079395584,0.05474016109978369,0.03592681274889315,-0.016974
200202,0.014068045587108438,0.07887569510527065,-0.025903766964850222,-0.18723795466791227,-0.022088796599028862,-0.0675703431379345,-0.022066
200203,-0.18647069355891088,0.08896843935094191,-0.01542985214703576,0.1503627368609511,-0.008949011239367194,-0.037822898094227356,0.035439
200204,-0.021550124648974166,0.07575627478321925,-0.029136320866441752,-0.055771250265360506,-0.10865726885565566,-0.06815898885728458,-0.062918
200205,0.0583477428322106,0.009983532633901053,-0.0014427846797972835,-0.04355771016989686,0.018794102132721067,-0.02599171852123644,-0.010481
200206,0.018199876086028646,0.09272807760162849,-0.05817671644751182,-0.05250881965656232,-0.07418134616145693,-0.08094305817528047,-0.073765
200207,0.04925688206245182,0.11133533205839974,-0.04935601940839006,-0.07842719111672476,-0.025682994559779945,-0.10499106588838475,-0.080495
200208,0.02744302254979356,0.010007906594658124,-0.0033974184308272325,0.012301228568153997,-0.0437015938720222,-0.07643404329440712,0.0034809999999999997
200209,0.08237680935798516,0.07269379154485975,-0.021268622629398035,-0.10879181891148156,0.02906600921696642,-0.06293197913968217,-0.111413
200210,-0.17211691580560928,0.06592882963313397,0.0362889196053522,0.24473801471240908,0.13467867356621022,0.058649544252176486,0.085036
200211,-0.06237114555218701,0.014699788111739262,0.15119870934192525,0.2979740121542974,0.2422554470068396,0.21363429337127057,0.05587
200212,0.15185582291780958,0.11848085023060861,-0.0730491976749834,-0.1827251995229353,-0.1429986932752289,-0.07324653468874899,-0.061432999999999995
200301,0.07099621985705724,0.04301067775005069,0.07056455344591141,-0.04902704239487572,-0.042595024528339534,-0.07708785122288371,-0.028415
200302,0.027935540927271015,0.007684618042669157,0.004163791592920546,0.01358220244955274,-0.012629159388417105,0.023954440028096366,-0.017904
200303,0.0847459146269756,0.09396732008247613,-0.0045378743128189365,0.011659554517988543,0.1463376929136135,0.06701990043055146,0.007358000000000001
200304,-0.11648911215821699,-0.04721535219255418,0.07419975633909412,0.1651036754535532,0.16557443993842658,0.0861289178341515,0.080044
200305,-0.1289355655926437,0.015719794055488227,0.1295554458914161,0.030142748314611847,0.24366651186524727,-0.02828285582830721,0.049999
200306,-0.07009417585313749,-0.06637140290968893,-0.006491232812759647,-0.051700611233670854,-0.0398860510511813,0.02914077306939599,0.010322000000000001
200307,-0.05873669580711845,-0.005931187884052877,0.0023801311424465343,0.018294490077626936,0.15282373364366486,0.08751958870072075,0.015524
200308,0.01019814246815362,-0.09604079886175626,-0.012764484654694236,-0.045557634600716226,0.0178214880614078,0.04072116410063323,0.017173
200309,-0.0385677168007265,0.03944996458775919,-0.08255126129438894,-0.04260066477440622,0.005405361327027966,0.0686159960795272,-0.012744
200310,0.0404626639210719,0.015341284159956683,0.03789867588350487,0.024035396306349467,-0.0689188492703189,0.0018634541133453891,0.054262
200311,0.04408197217498776,0.04169433255498768,0.02008172563776609,-0.006274279649430045,0.03171989272496486,0.024160758679464885,0.006429
200312,-0.07155413056490527,-0.03464915517346265,-0.053204254651113364,0.015012689446074883,0.006263458963310264,0.046875867742990594,0.049965999999999997
200401,-0.0038205173872170803,-0.00795211411801631,-0.03440178588937179,-0.05863799408408684,0.01682436873282289,-0.006705241926655833,0.016576
200402,0.00711171344511663,0.02636057255088764,0.008059308273026679,0.04383431466112197,0.06099539473218572,0.02001145979305998,0.011609
200403,0.05132127313248511,0.0059890945467450385,0.02707513468882327,0.01705986325086044,0.06015887865078773,0.017188030101783828,-0.017259
200404,-0.07809645219354444,-0.015740857221671324,-0.0785368588673193,0.019642033823289697,-0.013125835592766057,0.0050672137485912455,-0.017591
200405,-0.015120011378588264,0.024051712822197122,0.05242608001423339,0.023447510715813143,0.04396062040472137,0.055056469252079236,0.011484
200406,0.052051439902857384,0.05969926539373849,0.015368310564277309,0.03858908488319527,-0.011266079190646452,0.0191218685146854,0.017189000000000003
200407,0.005378306481801733,0.009025048676897345,-0.034992416425882744,-0.021264188923691578,-0.1109508910597408,-0.004887720548993689,-0.035291
200408,-0.05846923156161036,-0.0653173335650628,-0.07874215950254516,-0.004041199549885761,-0.03910270897638571,-0.039103664434856356,0.001187
200409,0.07121062399659285,0.12251149344084537,0.07610668798893927,0.031820296114616155,0.03559782573320315,0.02256530638530898,0.008264
200410,-0.015407601177575536,-0.05942613562901471,0.03372561802959476,-0.025267824871307746,0.020063042820298454,-0.008516252833532113,0.012914
200411,0.04960642537993559,0.03834161797988012,0.038205595211380984,-0.0021113708228603506,0.024724586857205723,0.03269886557139771,0.037094999999999996
200412,-0.0400028790840129,-0.08529322369431688,-0.04368287648347905,-0.05962433177553015,-0.006363770306598106,-0.03978425491915147,0.030858
200501,0.035688298166680385,0.04511634369411168,-0.018726700021429364,-0.011665138782750925,-0.0498115897642711,-0.047816600719387856,-0.02689
200502,0.062471730547497537,0.03673488878016513,0.027855030641779615,-0.027189200504169935,0.04593867757183763,-0.06155988927080219,0.017303
200503,0.0612635232207173,0.048987338885319996,0.027880403483645233,0.07669473996194485,0.0214154526098587,0.04697395230019692,-0.021218
200504,0.02643769387681117,-0.022135547941411163,0.012532710030211988,0.06062946843926768,-0.01955540038873055,-0.04564127143329914,-0.022209
200505,-0.0053244672632837275,-0.029048091947652694,0.01426737682826383,-0.03727149030290512,0.0547464195509253,0.026598552074257133,0.027552
200506,0.0198719732496925,-0.01395092018555464,-0.012617867163097762,0.05062463349205716,0.061393089141541284,0.028055874561892576,-0.002443
200507,-0.008858636212092968,-0.010152479109856637,-0.06259905752605052,-0.01684238634020241,0.003124862515120022,0.027487955620262718,0.033568
200508,0.028236528362584327,0.014748572096001483,0.008592456334158623,0.015652494354781308,-0.05842130819650457,-0.04208914678411009,-0.014221999999999999
200509,0.023922953898175874,0.003186375044680421,-0.01302549026487465,-0.009516411835413123,-0.00932541243505798,-0.007822419619164392,0.0040490000000000005
200510,-0.06916751005771225,-0.02413891656351895,-0.058559876961116225,0.005059732165076308,0.025927410957788454,0.03253682060524022,-0.020441
200511,-0.01417231230131501,-0.02524512916986811,0.02342349669125779,-0.018010473671750495,0.055239036103966646,0.044236076763791,0.032086
200512,0.01301692551520861,-0.01853034352436507,0.014335233582697634,-0.005753000993527158,0.00721277136003324,0.02412892862970299,-0.004152
200601,0.04645515090121113,0.027250707616066225,-0.060444264754448605,0.021362350585924582,0.03331257444492988,0.05672607280507466,0.021967
200602,0.0069724372464846545,-0.029231545788042154,-0.002472801477563697,0.01903529230714975,-0.0007560867570578673,0.0023732704452387636,-0.002947
200603,0.023333019520476256,0.0276844023115438,-0.008583732320980912,-0.01587130371143399,-0.014971844356378126,0.012240577926037976,0.007365
200604,-0.006826093540658336,-0.011933260966977744,-0.010657594504690164,0.026999019838614375,-0.007223663987333404,-0.027070961157173303,0.008587000000000001
200605,-0.03901512065891538,0.047729967052218464,0.007371838735581605,-0.02315167727584943,0.012977168354796932,-0.008825200048874389,-0.035217
200606,0.01765098206679033,-0.01310294945634873,0.029233092008214133,-0.08519285324385283,0.020509442472556205,0.0012314613197838224,-0.003913
200607,-0.04636814466561154,-0.0019160705628844935,-0.026683473113768938,0.020074795235336382,-0.039506285843462365,-0.044076509357310806,0.0010860000000000002
200608,-0.019983389125227503,-0.04284841425383516,-0.07875502582505711,0.019529849942387018,0.006081717626618195,-0.00456381802019927,0.017074000000000002
200609,0.012778252312687963,-0.028019678123134384,0.0012151423354694072,-0.019535410225911314,0.00977733026618902,0.04582332406567872,0.020466
200610,0.01617861732189914,-0.013158518272731144,0.00045766555641958,0.0390469184864783,-0.007351441121819495,0.03114279211256307,0.027408000000000002
200611,0.0021861077844304404,-0.025780612827396167,-0.023303102730926433,-0.04761646968760625,0.02537953424269392,-0.022669251568685253,0.012267
200612,-0.013595146551455946,0.04363405768581538,0.06489822966741744,-0.025538842420946718,-0.06306680499720116,0.05104384155281723,0.008616
200701,0.028005292657034067,-0.018732011469289114,-0.02750351199179841,0.012142806204565353,0.0317227105311469,0.004613724029262134,0.009659000000000001
200702,-0.006536294083915251,0.010557091482773938,-0.061308948462783494,-0.024056632227408573,0.02172037942380594,-0.0024765994587501727,-0.025646000000000002
200703,0.00032358935177994805,0.0039479725207013025,0.024769318401691734,0.002365791110945023,-0.038906669131055074,-0.061865651870045946,0.005679999999999999
200704,-0.01640706573540923,-0.004898540032321055,0.028371653026181453,-0.00339583294917941,0.0058265312068553135,-0.015051894897970694,0.038891
200705,0.006575189581186393,0.028038418315222212,-0.009229726796740487,-0.008273305674467976,-0.05670324280582972,-0.014750868662378451,0.028449000000000002
200706,0.0530890303863059,-0.02199578534042204,0.023015538814484853,0.008067637915490047,-0.0426846412370404,-0.00037755254713631517,-0.021816
200707,0.07687248869495937,-0.01901330858253876,-0.005136796164004261,-0.03427291895621052,-0.002201303778502639,-0.07119385206987114,-0.035982
200708,0.09814332871612168,-0.028529174109665566,0.016849429358616694,0.014670510080801741,-0.0015344683640672674,-0.012983701963165705,0.008664000000000002
200709,0.022775591435856644,0.025083154558911733,0.03459917491666302,-0.012523562256544881,-0.006965609083707455,-0.03487899777145165,0.032594
200710,0.10939426166917439,0.008596808242219913,0.024671287947366116,0.032350064430903575,0.017483651938710647,-0.006215789519963056,0.011622
200711,0.12462879270057775,0.022651756300128403,0.10440277213685559,0.012571304494622619,0.022184328832132477,0.05205062674197512,-0.047443
200712,0.016899455418805293,0.10081263201779567,0.07607361822974536,-0.10291190734361089,-0.014451367417393031,-0.11036561494220791,-0.011328000000000001
200801,-0.04861856845605739,-0.06838215380519114,-0.08336714640817972,0.01629458495909552,0.0529292718825223,0.07582608673218949,-0.063264
200802,0.04205954149545114,0.11793514269712534,-0.04503082055284863,0.07782737402624984,0.028143003110746724,-0.04183864596944821,-0.036061
200803,0.03624809329631516,0.04343073143831185,-0.05855753712744326,-0.006035587946535144,0.019276580009377813,-0.05207908964966384,-0.00766
200804,-0.030791617692767823,-0.07253893111810124,0.02600963076908646,0.06705284158974363,0.03999839125461859,0.0470064667525783,0.045746999999999996
200805,0.0570035662271402,0.16320236575488373,0.01946234047626751,0.004880368685756663,-0.0626999669732168,0.017089470798768974,0.008874
200806,0.14392783002335136,0.26336042772019425,0.013872252730530187,-0.10844686393300393,-0.05793885067780846,-0.053572137686472766,-0.08766199999999999
200807,0.0213125246630021,-0.08089483152327177,-0.00524409528435937,0.05724443070102377,0.07457628707140067,0.08299839746302409,-0.011359
200808,0.0388780802092192,0.021053588111683782,-0.000461611287557704,0.052244937772090314,0.008300580842628101,0.002254603547553913,0.010891000000000001
200809,0.2760410211800255,0.11099880097143028,-0.10007633205093354,-0.027554040650583436,-0.0007159749125935644,8.828926828861883e-05,-0.092292
200810,-0.13200608857915663,0.0626183349947722,-0.021117562751010843,-0.16077932044702536,0.07514471788700489,0.12762230443277792,-0.170225
200811,-0.23063147790032631,0.09005254303447885,-0.048687744990559396,-0.11646448871278432,-0.14121835750730935,-0.0013009661451620774,-0.075149
200812,0.017205446151538246,0.039131752551668744,0.0373466240898129,0.03650928654568358,0.03108268083552506,0.0005852257847601891,0.007822
200901,-0.020760197632749985,0.09239204619105157,-0.05361212179265834,-0.0886939791614689,-0.1829602287288793,0.0853426028477621,-0.085657
200902,-0.08144742758235682,0.020020913488278225,0.06696649287440777,-0.09576348382565267,-0.3139906729404669,-0.22056756502137695,-0.110031
200903,-0.009545729398590365,-0.12457422795972299,0.0016135544591322493,0.02952009840591102,0.43384272646266353,0.1948088958877046,0.08520499999999999
200904,-0.01839421320269717,-0.07979654989113871,0.046076110878894176,0.12438035541971068,0.16260314206682427,0.41896327635619746,0.09382499999999999
200905,-0.09557433152847587,-0.15361045828870085,0.09721558124166678,0.13149143210907993,0.14639168174111847,-0.06786767412116321,0.053081
200906,0.05775836489156151,0.09654846407102674,-0.004647722339908604,-0.04465863615063087,0.024947817911306222,-0.013014305553480165,9.599999999999999e-05
200907,-0.2669600153852484,-0.015141230750556109,0.012067721023687528,0.23814531429324814,0.23715879975221432,0.15059649571896974,0.074042
200908,-0.25029425146366185,-0.04890689117212031,-0.003977013104616182,-0.08492162308423092,0.09854422171409076,0.12212922016758797,0.03346
200909,-0.13844928469870466,-0.012342926125853602,0.030206793482582196,0.040174155484536234,0.04672428199068761,0.09635338853475081,0.035622999999999995
200910,0.10004165892220038,-0.03369011555281491,-0.02246430643743781,0.08887390445514565,-0.051631964712644376,-0.08880200771534671,-0.019762
200911,0.032425419505281744,-0.013305094700859998,-0.024882036649084494,0.0735777688992115,0.013682886122635206,0.017100839767277533,0.057364
200912,0.09218177300869769,0.026237146317743855,0.029433714673230277,-0.03231869298323995,0.12499252815726784,0.009242537093820356,0.017671
201001,-0.025940310370188895,0.011622820898700023,-0.017759924224730887,-0.010854681738414931,0.04846541776940623,-0.0422196772457875,-0.036974
201002,0.05766534645799212,0.08409575234161168,0.02765970192833527,0.08065071883675348,0.04460304458799644,0.09218809530623322,0.028514
201003,0.02968834999975823,0.05757205327252069,0.03338509821700101,0.06460100713821146,0.12991705979126042,0.12891694092533568,0.058696
201004,0.1144389764758667,0.005012396966570593,-0.045869849463951826,0.058563726042235836,0.03338719611449482,0.05265054152701468,0.014659
201005,-0.01951399252586536,-0.03263513787035925,-0.032545096429332177,0.08153728017212422,-0.030089304473004924,0.03653118463793202,-0.082076
201006,-0.09189860816227235,-0.03267867125880599,0.03476569156341982,-0.03759542148595265,0.01765520297876285,-0.09972462079044889,-0.053982
201007,0.008465212979824471,0.08359230298820972,0.021085169379576676,0.03476858777610342,0.023085874333534304,-0.029526532546055494,0.068678
201008,-0.03810564589560917,-0.04791828685471358,-0.005755696243346885,-0.05281008462039157,-0.09655869655223365,-0.06756111089770864,-0.047549
201009,0.05580118136158359,0.009708570214275139,0.004464214011059536,-0.0037508174263472943,0.09210801681481495,0.05120679894531671,0.087451
201010,-0.021590225583932032,0.03583654560059965,0.005291843866438516,0.012060203023511608,-0.020987384523055038,-0.0025403619081149076,0.036756
201011,0.053554997039729255,0.0015670221060137268,0.004751659849219426,0.007937707527113449,0.053372947229083215,0.004010577849810279,-0.0023899999999999998
201012,-0.025561136218151898,0.054252593847086264,-0.0201362264216933,0.042873265297906187,0.05801462797430754,0.06393010221388573,0.0652
201101,0.013001371044212088,-2.2367614327944985e-06,-0.029066692441587542,0.06345337218884414,-0.028132975900168923,-0.02060348864356653,0.022546
201102,-0.02536134836185702,0.03870653180732823,-0.004903371314149363,0.05277222092143111,-0.04409065862405674,0.011151446102114736,0.031856999999999996
201103,0.08441927436057597,0.043118926741682176,0.016244209612074564,-0.008826841404385912,-0.032498442347181807,-0.014498610217194686,-0.001147
201104,-0.03698953520360965,-0.02215941877971991,0.026544144266530335,-0.032334878569704316,-0.06245150254751851,-0.054511534394463934,0.028495
201105,0.06280928740790333,-0.007164920307752086,0.043011671854584196,-0.012791314300547522,0.01913900779960432,-0.018052329829426325,-0.013501
201106,0.019219537541609166,-0.02282576356228001,-0.008525949603003541,-0.018412284328746756,0.0238153736799263,0.005094257847365443,-0.018258
201107,-0.015024420345929379,0.056157188554002146,0.020570424545018843,0.04301827486516902,-0.040703558351435964,-0.11365385848905903,-0.021474
201108,0.008505260475919887,0.15925852844362015,0.009040381990923538,0.011331413874866303,-0.019808174482643562,-0.09012735064179525,-0.056891000000000004
201109,-0.09022007604410699,0.06869563151127059,-0.008615034724824111,0.14796247810717336,-0.12863044710987506,-0.11529248998861343,-0.071762
201110,0.0346337374317475,-0.11817487638972593,0.0074182922831118325,0.035990211680914014,0.22833428016256685,0.2013119061139814,0.107723
201111,-0.04021270363494035,0.06080334022688622,0.04722037126414214,0.10199967151973328,0.00047567793068151176,0.03190729455603728,-0.005059
201112,-0.0375866061413948,0.09829178863776877,0.009533161472938163,-0.056245698747375755,-0.030088498091576706,-0.012180234330218925,0.008533
201201,0.1036710983690674,-0.08033354764487827,-0.0748697811909447,-0.0657412768103681,0.10088271281749557,0.024278406582683834,0.043583
201202,-0.03686767493691166,-0.023427284210921627,0.008653676812588773,-0.07676827471203591,-0.05598705986577946,-0.006101851529822719,0.040589
201203,0.024441665245445138,0.03005309030400591,-0.030365944359627417,-0.02805684936554101,0.027942263319662847,0.038107667909543244,0.031332
201204,-0.020792104628147474,0.03815405132630987,-0.04658260450129338,-0.0008719584615051977,-0.034274951211831724,-0.03420742105678474,-0.007498
201205,-0.039123074473726,0.048921944974534046,-0.05457173420576402,-0.042353405864651625,-0.06759318992885635,-0.10174873235637391,-0.062751
201206,-0.015679656836726494,-0.0018243020776322477,-0.03299946080476514,0.04798661510162269,-0.03350651255765183,-0.034627914812924106,0.039555
201207,-0.08202236808282212,0.04339467073449877,0.04433003861712269,0.004191875297722945,-0.03160055588794138,-0.02048975985575744,0.012598
201208,0.013963892713864244,0.035950400737777145,0.05258486450125331,-0.025939427343008616,0.01427452965608169,0.06793075226240464,0.019663
201209,0.021697536380214873,-0.008797255673339745,-0.0032865076879736877,-0.0019045176558003599,0.007347703765713115,0.025136997637025794,0.024136
201210,-0.06521756334936445,0.033744359581836456,-0.040782011397791765,-0.10209437539899513,-0.007906934595710395,-0.03331026270920766,-0.019889
201211,0.04738934415019008,0.025855605415850764,0.02912269180907398,0.05602168198716313,0.028073681203293774,0.019448415947480424,0.0027470000000000003
201212,0.02146106464082752,0.04921400057671963,0.0883512011072398,0.06421735911071094,0.08101065642946814,0.04398678388212195,0.006967999999999999
201301,-0.0029797502745040477,0.0106003641130607,0.012876990400451205,0.07402817505634512,0.02229694940513817,0.06611510932093166,0.050428
201302,0.017277482103351633,0.007349713186500895,-0.08836530603466387,-0.03937833308842567,-0.02201946785476463,-0.061037362544344796,0.011061
201303,0.022105644099445487,-0.019226383616247837,-0.07293423725747175,-0.0184039182755074,-0.023793186800852767,-0.033513782790470056,0.035988
201304,-0.047875604758426483,0.008275312052320304,0.02218603738739538,0.018704812719241348,-0.025655109227603647,-0.01600121588854306,0.018086
201305,-0.029737293974072425,0.038557971772150264,-0.0710474244866635,-0.03047877952068541,0.11422677790638608,0.05679605066349362,0.020763
201306,0.011536392406252503,-0.03773862239049546,-0.006211299797238171,-0.009542514685377305,0.037259151111736964,-0.036644129933604865,-0.014999
201307,0.05547341218383344,0.03434077048416019,0.02691785510066034,-0.040965184773127224,-0.0067009126911786385,0.04293646402019968,0.049462
201308,0.022537402827761347,-0.009476608949598918,0.028246562963108207,-0.038076502309710096,-0.005526397042743977,-0.0020500286749254026,-0.031298
201309,0.05908024553030961,-0.014936194822301713,-0.014147369461560422,-0.06493657274263723,-0.03473210119376549,-0.038211665193893476,0.02975
201310,-0.006178539023053889,0.027188878592681164,-0.0032697641313520244,0.04512914174910029,0.04392520224569746,0.018644216503552163,0.044596
201311,0.007872206506851461,0.03766977536218639,0.010511956869675446,-0.004748772946712818,0.03169680253405517,0.02057042802532926,0.02805
201312,0.03258352164144464,-0.017620689801158468,-0.0180442842223881,-0.03195673037631707,-0.005897407947002126,-0.00270021539613563,0.023563
201401,0.025203765299900024,-0.06686537985548871,0.014177143686261865,-0.07702292325163826,0.0321025774258278,0.046319048239879805,-0.035583
201402,0.034502140078284144,0.023659570542140504,0.04591107325087758,-0.016138551811875755,0.006416332719025669,0.02529164728832587,0.043117
201403,-0.07038587583944447,0.0033384079921210397,0.0027838595303436506,-0.01163358488161572,-0.015589584067293038,-0.02314801876695185,0.006932
201404,-0.09630162072765702,-0.03168676163946169,-0.03232058373695266,0.03930903143701297,-0.03891603612113012,-0.020867791589294363,0.006201
201405,-0.033965902946444367,0.008188655678275406,-0.02805814187212743,0.024236743316205792,-0.013418648563346746,-0.03986421324714184,0.02103
201406,0.04493143240058474,-0.017113316232582717,-0.01014380431658269,-0.080126826197104,0.011324603188837344,0.036414593089572886,0.019058
201407,0.05194666284431619,-0.051297633352436284,0.015027541695834416,0.03717519963497145,-0.008590970747138271,-0.010118136146432657,-0.01508
201408,-0.007659497353443782,-0.022785389964328065,0.0316142259996279,0.027920308240689327,0.0040840184567946525,-0.012509127840128628,0.037655
201409,0.09399700601261152,0.0003781088405158395,0.03809504244867941,0.003116904347060894,-0.0203188762396899,-0.02404226802466687,-0.015514
201410,0.0351504278705144,-0.014309772369660656,-0.05439791352122758,0.03357821146779954,-0.029535377692516313,-0.02583994393901899,0.023202
201411,0.13623705064983987,0.05006023978055107,0.08867756124598358,0.06811489428363188,-0.02180042443878919,-0.008101782659858952,0.024534
201412,-0.0008955879815835174,0.008108260640027846,-0.003612338314264803,0.006539028226287414,0.0401547094865096,-0.020623279753253777,-0.004189
201501,0.0818780427899776,0.007813523628478675,-0.00572811723112765,-0.027844809763755578,-0.08864758132004583,0.018924050020417284,-0.031041
201502,0.025786316741242363,-0.03411737512368393,-0.003164372568891058,-0.001049910592838002,0.07328679117748382,0.05191463480661358,0.054893
201503,0.0316247019435095,0.02781147795455606,0.04844296314767061,-0.01505285017448044,0.023500222221266687,0.016456710258296234,-0.017396
201504,-0.09649240792278078,-0.07653178260786292,-0.009422693690514444,-0.026188128789244217,-0.035605936230335866,-0.04864280447362673,0.008521
201505,0.05315687796650264,0.045944556595063545,0.08195404978875911,0.036679578905356426,0.03841949878303298,0.03438055481728688,0.010491
201506,0.08294742725005123,0.0443095349397777,0.06858373959373866,-0.02197877956577416,-0.014578189714351583,0.07861060858089544,-0.021012
201507,0.22536019389828468,0.07697790392936413,0.12901745667017586,0.03186137853853742,-0.03973148795911804,0.04168554634729757,0.019742
201508,-0.034606560370084236,-0.002727976265143324,-0.016333949107878998,0.03624438663496707,0.027659680039602404,-0.038693013338002555,-0.062581
201509,0.07200090562909295,0.034027276148721544,0.08271908444229378,0.02846298199816784,0.030598563361503475,-0.012714837367257092,-0.026443
201510,0.012724149991776179,-0.010364177541985015,-0.04154131521926814,0.01020850068033588,0.016895494938743656,-0.0034543018587964713,0.082983
201511,0.018381012205513265,0.011772521458097788,0.008723331415934427,0.09448246446788881,-0.03757778136802377,0.024806636438435774,0.000505
201512,-0.028798655897457795,0.017490716421593326,-0.03892845745098486,0.06804476619968752,-0.08089699043113309,0.025008570624171608,-0.01763
201601,-0.14012102429746462,0.024016439114154728,-0.1109793705907015,0.035030266262749674,-0.10594797669890828,-0.09937470537396537,-0.050835000000000005
201602,0.0962140273344407,0.02056991900517277,0.009091490785413395,0.10190915016304877,-0.034054745490840366,-0.023853211474507925,-0.004327999999999999
201603,0.03524681017012584,-0.021498759310328033,0.019491589889070543,0.050744151934098994,0.20288477211583872,0.17062408880178043,0.06579099999999999
201604,0.06999618472650465,-0.059317520640290555,-0.04036784204127512,-0.015197676423428844,0.02854561027072103,0.08135389325427517,0.002599
201605,0.010930724549150539,0.0038646608379761353,0.0060710529185805644,0.05761563829373559,-0.015430079571013045,0.013637910814445873,0.01523
201606,0.06967156172543747,0.025309933975886198,-0.009893283555301655,0.004578818186784097,-0.07986585268452462,-0.035969691488655794,0.000706
201607,0.017305373299251078,0.06486512779254508,-0.03093418124501208,0.020363707499840678,0.0749564621258571,0.11535836239031602,0.035410000000000004
201608,-0.02427964685310195,-0.024555529358512497,-0.0242113133897003,0.04490515808261856,0.0033961408424289276,0.038458165083653004,-0.0014190000000000001
201609,-0.02556101256981266,0.013637212235640163,-0.0014701389543951456,0.0007614001098380264,0.0370164669441807,0.019015075539564406,-0.0014340000000000002
201610,0.05215830405701336,-0.0577904463699861,-0.012412319374064581,0.03133566556375362,-0.05354420263465452,-0.009241825749917486,-0.019625999999999998
201611,-0.15625717138380105,0.011717137493941656,-0.10796179342006616,-0.038816205277452026,0.07588553234450975,0.10518928683907963,0.034074999999999994
201612,0.0207550199444407,-0.022075610518171904,0.02190369536469569,0.0032194386178473105,0.0053414141145552915,-0.004582336146568878,0.017900999999999997
201701,0.0226823798475417,-0.023417769570398726,0.0100468789326,-0.026901023005364053,0.03814248325407811,-0.022011118594528412,0.017484
201702,0.03953971908017173,0.007652550518315166,0.044109547035070126,0.012790366475713149,-0.008787419630687042,0.004953120358406841,0.036798000000000004
201703,0.10047752818193562,-0.016131661722356215,0.03852861300796742,0.03455397079281605,0.012740879768955876,0.0359506880962365,-0.0006889999999999999
201704,0.007954570256442216,-0.018939557354733537,-0.01691402860542116,-0.0009669425965561952,-0.028061249500028945,0.0017217760305909147,0.008591
201705,0.034900085138869726,-0.03839309958798194,0.03487482635484699,-0.0324002109305407,-0.05077619472091356,0.02514107740275742,0.010976
201706,-0.06343980988126832,0.0024533361726560114,-0.012225094625099865,0.0019968963007836555,-0.01892257850432255,-0.044251862167784345,0.004214
201707,0.00970110281594608,0.022223240959208676,-0.0005365842955239349,0.01214920494734022,0.004595761470802179,0.020112827134444483,0.018649000000000002
201708,0.10828177054960865,0.028146993535044247,0.023423092192823725,0.09027774498680932,0.09361754227052285,0.13931623026472603,-0.00035399999999999993
201709,-0.09293514285327702,0.03632840114743665,-0.03493059471898851,0.021042030528699126,-0.07354320354611021,-0.0014182034250923951,0.018403
201710,0.09222991598761321,0.012181775460214475,-0.0142627764463805,0.011319955114483903,0.07609471174075183,0.06188100872694097,0.021287999999999998
201711,-0.08750024197227439,0.03434455104747204,-0.0069901048806097,-0.06038052117131179,0.028409174480429053,0.015266165702961325,0.027283
201712,-0.05075095330463598,-0.05266338586710944,0.008155452382481472,-0.0497101917943058,-0.022004083685719118,-0.009361902985248381,0.008932
201801,0.041224861751072144,0.04011727733327708,-0.009703448298876372,0.036985117705973986,0.05664801479365673,-0.011806390103633435,0.055079
201802,-0.027519419593370793,0.035864162595921754,0.03626247709330259,-0.0056494612375448915,-0.00456671934143018,-0.019561687105913432,-0.040047
201803,-0.01859783957569585,-0.07105234137397341,-0.08431963587721049,-0.03440984583793162,0.03055689012163436,-0.0027212227250267805,-0.028085
201804,-0.04582402148221602,-0.011154532585392094,-0.10537805918790966,-0.05553591935535874,-0.013454093633432857,-0.10787495164016625,0.001319
201805,-0.059812309317799746,-0.012584265086063605,-0.047823372121671454,-0.01861621028066228,0.06014797029568701,-0.012621136631199046,0.020208
201806,-0.07250333810602104,-0.06404527179149663,-0.06762482409288344,-0.004690208809572074,0.012701351553170016,0.007542378571522269,0.0034419999999999997
201807,0.0322778291241691,0.03190990922266497,0.09260546408284343,0.006147796048764413,0.014407082429493767,0.022633316132807987,0.034422
201808,0.0138666173850932,-0.010524401884501218,0.05305608810922922,0.045475428115712875,0.01863351403288493,0.0015905955437279379,0.028663
201809,0.02007604359868046,-0.040492172197799686,0.01720326390886303,-0.00704065062057636,-0.02273911178221366,0.04658577695869952,0.002794
201810,0.03938920403424562,-0.07824110279954222,0.06773113381658274,0.03638997897197209,0.014106367849848422,0.011568078437140791,-0.071303
201811,0.03426967929359759,-0.05123732953949759,0.02403052462537863,0.033551745149719356,0.0030105115345441576,0.02843255230544824,0.016059
201812,0.07663171357464614,-0.01761446042251523,0.07821972776059344,-0.009458084157043689,0.029394237163915843,0.01347030539376505,-0.093677
201901,-0.0898965883815595,0.04763621742281985,0.08392019629241035,-0.007090841351477847,0.05229597697820296,0.0007537923510739508,0.076584
201902,0.019935647664854263,-0.06683234827452719,0.06485071537920212,-0.07916803774952905,0.013623441373819253,-0.0011886484407886977,0.027929
201903,0.07694159086773068,-0.05445136758632485,0.037318426321605896,-0.0013937078755829739,-0.009646655411718861,-0.0033419483326494193,0.016024
201904,0.05332193948677451,0.04379563122114197,-0.013150505375049436,-0.006913902570323392,-0.053762633707537255,0.02012470937721851,0.037213
201905,-0.03627201487868595,-0.011102486901148276,0.06640923635591289,0.06424032995119819,0.010765475321285786,-0.00823598968297204,-0.06787800000000001
201906,-0.017778963247677804,-0.013402082244959299,-0.051858601719484504,-0.06227343786498025,-0.11233105649113616,0.05473993580325485,0.06713000000000001
201907,-0.002425089968319062,-0.022293497894679853,0.01091969356368108,0.06848981113681524,0.030049199853469696,-0.009366086346061155,0.011228
201908,-0.05719254502111783,0.0829332352223414,0.03912276024639232,0.06373506106634697,-0.09102335875985294,-0.05911762214114284,-0.019692
201909,0.04363483853239425,-0.008479320281694971,-0.03559231781104112,0.04385892964239601,0.05217092932324916,0.04952378695736641,0.015380999999999999
201910,-0.010931525088985086,-0.011644590155222852,0.023158152316491445,0.015013898864862292,0.0005841226776223153,-0.027643540456600033,0.018931999999999997
201911,0.036670754640423436,-0.030250412536023903,-0.017870583080063954,0.0351557609951406,-0.06081830307146283,-0.02246314865016083,0.032847
201912,0.021022004343389206,4.129034118861147e-05,0.011743517093868316,-0.03417596952884598,0.061760218553569134,0.024316430471330985,0.027190000000000002
202001,0.011425492941647387,-0.026388768740732677,-0.005573852350641673,-0.08400442286954632,0.07632600265881721,-0.026786433183251128,-0.002928
202002,0.002815205742599955,0.018858820382823244,0.04779837295243841,-0.024338745150426222,-0.04929054384828789,0.0009497083664947725,-0.08531100000000001
202003,0.27239241811121384,0.06479817217294465,0.11237606325599915,-0.01961467972194267,-0.20602765242552962,-0.29859271351584754,-0.12631900000000001
202004,-0.10859492044221004,-0.14035944892831498,-0.0673479214776119,-0.3714103869895141,-0.1168555787265144,0.11553462009376417,0.126844
202005,-0.0016220673690926085,-0.0945931229505208,-0.03937135139316125,0.11238352526059954,0.03435458951266268,0.04333553956673007,0.045182
202006,0.15703351849418148,-0.01539417741676592,-0.019763092275354867,0.13212128558095299,0.17792118418547315,0.11854623368435217,0.018288000000000002
202007,-0.11918369702388337,0.03556947141808626,-0.02896331886087007,-0.1548091162543218,-0.1024092180367814,-0.04776723771564061,0.055000999999999994
202008,0.041808188655859,-0.05476044193433921,0.03961517697169263,-0.006964470601061784,0.00929153833923743,-0.013169304837280724,0.069965
202009,-0.06104981070388591,-0.018495302025239593,-0.014734565393445247,-0.00013374787213156492,-0.05469794079373082,-0.07242295413597641,-0.039328
202010,-0.017679200224886168,0.06646260761768882,-0.05084613146335824,0.027089738597007564,0.025868079224023066,0.03963512618463352,-0.027766
202011,0.0893650999054641,-0.09312298329676635,-0.02628076162955778,-0.28222858794870276,0.1672183069572527,0.2589717465192789,0.107446
202012,0.0052963779847298165,-0.01736401950678418,0.006751271270063572,0.010537706554725315,0.021356216757333887,0.1013849358133963,0.037021
202101,-0.6313001066253392,0.32778499535402483,-0.06910982621843613,-0.06710916413954596,-0.06053446767137509,-0.02137399532175774,-0.011137
202102,-0.0170613790221672,-0.019098664176118663,0.004338863645300825,0.004230965274572078,0.1005726431980638,0.141730017816867,0.026092
202103,-0.03598142740791708,0.12756554061053277,0.021951296558253612,0.009774857890331078,0.005843707724335352,0.03263320739818006,0.042439
202104,0.026911426883553444,-0.0037135612349058905,0.040744870842784525,-0.04964329555475967,0.027019375349680297,-0.01739220635407371,0.052425
202105,-0.05751152966684696,0.09445061473071942,-0.008534642010772787,0.05278044712467579,-0.03903548096004278,0.07136688195271496,0.005487
202106,-0.034972875763495045,-0.1056213608265645,0.020243274556162597,0.059939943824469336,0.03893077792840893,-0.14038325985437172,0.022214
202107,0.03396476400683617,0.09423784521033188,0.03481798301510744,-0.04959260261445937,0.002356812973259223,0.0012572114329802327,0.022748
202108,0.03349500897924749,0.033715253821222736,-0.081525946558219,-0.010832357449787748,0.06364382773017843,0.005236347332819677,0.02899
202109,-0.001282030398109502,0.026345097936075493,-0.0169617345015381,0.10168796643772923,0.008140586926542485,0.011720726516981764,-0.047569
202110,0.042183025723964054,-0.003658553723196928,-0.07126111753147257,0.026005682613986322,-0.03342485263434678,-0.0632244832778002,0.069144
202111,0.04915565706838051,0.023058059666522544,-0.006756678373910051,-0.0421124608339588,0.016464207245350325,-0.007881157368190103,-0.008334
202112,0.00347707879395505,0.05249249246038119,0.028727919112741918,-0.09122400983709798,-0.027599708407448353,-0.08025681184482775,0.043512999999999996
202201,0.10386310606866679,0.002917682870278354,0.011991003357835164,-0.11735723355610678,-0.027722558473278647,0.029989954793170577,-0.052585
202202,0.05421590758642882,0.023908778180174936,-0.0638753913832566,-0.06480542499058561,-0.012825549677198372,0.009963225429566687,-0.031361
202203,0.02428322542991985,0.012960136801256338,-0.006394574469514941,0.02475358426764652,-0.13571946077486613,-0.08806431964473627,0.035773
202204,0.11984823282539463,0.08518531026906744,0.00011095234964085543,-0.11379479881540841,-0.005353812035893843,-0.05961032000228146,-0.087957
202205,0.07468725305838422,0.1527784594735846,0.01691314380759558,-0.2058719587996461,-0.09993317205460396,-0.017557405843976547,-0.000247
202206,0.07348750063402222,0.021224538523410205,0.04981689435861246,-0.05309093854224195,0.06670107041538134,0.07208567674723046,-0.08452
202207,-0.041334310437852885,0.0007306697840766263,0.02184358245618044,-0.12505811180219045,0.03568620467586209,0.06878535997985159,0.09031600000000001
202208,-0.021176266496059228,-0.1051798923252354,-0.06535811798352509,0.04528441261405712,-0.038611316796002375,-0.04235098082994351,-0.04434
202209,0.011970264099854855,0.055200657894906094,-0.013117213598454594,-0.023895672162107195,-0.004059675366325219,0.00985521366736064,-0.095296
202210,-0.05552491522697012,0.0802133345169371,-0.016356557929432136,-0.09951296931426887,0.006588983055767744,-0.07100348822615085,0.07756400000000001
202211,-0.00429529964364276,0.04014596342404375,0.02813352200653853,-0.10246525146774718,-0.009832954924732951,-0.011641078003497285,0.050853
202212,-0.008834458620193556,0.038359865046749014,0.001764712778275869,-0.04722670578385801,-0.020841957864266902,-0.04838722831290935,-0.062271999999999994
202301,0.014774272653250271,-0.15230515746684736,0.031417095010830495,0.035353859566174775,0.07859147501072,0.12440598174594991,0.058253
202302,-0.004735502205324649,-0.020196096985704428,-0.09081819406839842,0.03141278783999084,0.02248681479971679,-0.006455719296423232,-0.029512
202303,0.07501245042773605,0.010807927320431527,0.0989377059097889,0.007207618131586147,0.023682571385934388,-0.018077113816606035,0.031452
202304,0.05062933689532614,-0.07771405935597203,0.024488586356116296,-0.06078084414895879,-0.018752610161402613,-0.12515199899854101,0.011142
202305,-0.0030619107939670945,-0.01736279873050263,0.08907697411960147,-0.010902667682819799,0.06469462458519919,-0.0035028680177106863,-0.001118
202306,-0.05528647920278418,0.07444531652026543,0.07583434334180489,0.006751434170763904,-0.026191622301599826,0.04639337037247311,0.06072799999999999
202307,-0.04872657548548051,0.012059529126339466,-0.11157888505115988,0.06470107642301941,-0.017137353158354185,0.03921537092655712,0.026639
202308,0.0918333354782861,0.036213447018961356,0.13111990314754846,-0.011159186436537114,0.03125554367497695,-0.0031898588263446423,-0.022216
202309,0.03602981292629348,0.009998050710165525,0.06676748118814013,0.04956852675117913,0.0015207019106713293,-0.006047784730107284,-0.053019
202310,0.11986138766288132,0.0242096556992522,0.056696117732300766,0.03812371230475601,-0.03996566781878615,-0.032901716243027866,-0.02668
202311,0.04539398852574421,0.04222000427805189,-0.014613549486582597,-0.038448612201251425,0.09160490107938277,0.12804338820322708,0.084779
202312,-0.13486463203269722,0.012500495160277236,-0.12285729300235386,-0.11964559528153582,0.014703771736537252,0.039374937009687895,0.039929
202401,0.14810445257442867,0.08121890631519754,0.24066479769395227,0.05067812539507885,0.03887573828141076,-0.05268094483728079,0.011196000000000001
202402,0.05235120575701414,0.03976031983552114,-0.0433404371643387,0.08077567924542498,0.0067798099349628965,-0.040399573604631686,0.047521
202403,0.026202545071111576,0.05559170675223398,0.02445760876909555,0.07229020472776469,-0.007970502085688475,0.0629471347817596,0.026719
202404,0.04613023005289558,-0.03615106039168472,0.011346518835150254,-0.03332831156130136,-0.03684804603405688,0.05228749340231982,-0.046315
202405,0.0423012897966476,-0.01803391020881061,0.04003375652343154,-0.0742476803285749,0.07333263673989929,-0.15023001034880842,0.043621
202406,0.0645877066932307,-0.036635352766579934,0.06776937724307676,-0.03626288758386602,0.1472533883706732,0.03971484152075395,0.03057
202407,-0.023758862387562255,0.00923409658967616,-0.0026066020079156538,0.05260228729087876,-0.019744992886678664,-0.041343830136801304,0.006821
202408,0.18373854788931734,-0.05228491043618237,0.032177101858765544,0.06025501849720143,-0.06335559543959234,0.0421181725001601,0.018035000000000002
202409,-0.03927090439788701,-0.021773746944416368,-0.01572760508403942,0.004844457856523449,0.09785631945221002,-0.02512440961613062,0.016197
202410,-0.017567813316985453,-0.04661786017064875,0.06481481290275698,-0.05107565629396993,0.0012986881968399333,0.005862737830759251,-0.013797
202411,-0.08914956972026292,-0.004785435256841053,-0.047308288008321556,0.027722497397072228,-0.025425803222048286,-0.09941584855439314,0.053301
202412,-0.07668081745994129,-0.03008408619521006,0.0037819567957955713,-0.019358889228498287,-0.04560578488547495,-0.030573945945307338,-0.02869
